text,ex3_score,ex4_score,ex5_score,ex6_score,ex7_score
"[PERSON NAME], daj znać w ciągu godziny co dalej z importem tej aplikacji na testy. [PERSON NAME] wydzwania od rana, że ma ekipę tylko na 2 dni, więc chce natychmiast zacząć.",5,4,4,4,4
"[PERSON NAME], przygotuj propozycję listu referencyjnego, który mogliby podpisać w [COMPANY NAME]. Umówiłem się z prezesem, że jak dostanie to do jutra, to da radę nam to podesłać. Później znika na wakacje, a my bez tego kwitu nie mamy co wysyłać oferty dla [COMPANY NAME].",5,5,4,5,4
"[PERSON NAME], mieliśmy w jednym miejscu zapisywać dane [COMPANY NAME]. Wczoraj je zapisałam w folderze [FOLDER PATH], a dzisiaj ich tam nie ma. Napisz do [TIME] gdzie je mogę znaleźć. Temat pilny.",5,5,4,5,3
"[PERSON NAME], gdzie jest dokument, który napisałeś wczoraj do [PERSON NAME]. [PERSON NAME] go od Ciebie nie dostała, a poprosiła mnie o recenzję. Wyślij mi go proszę najpóźniej dzisiaj do [TIME].",5,5,4,5,4
"[PERSON NAME], nie wiedziałem, że teraz na Ciebie zrzucili pilnowanie kwitów w projekcie. Potrzebuję szybko zestawienia ryzyk i mitygantów. Daj znać na kiedy możesz mi to dostarczyć. Sprawa gardłowa.",5,5,5,4,5
"Witaj [PERSON NAME]. Przepraszam, że Cię niepokoję, ale potrzebuję to zestawienie kosztów, o którym rozmawialiśmy w ubiegłym tygodniu. Praktycznie na już. Daj znać, gdy będziesz gotowa.",5,5,4,4,4
"[PERSON NAME], czy możesz zrobić screen z prezentacji, którą wczoraj oglądaliśmy na spotkaniu wewnętrznym. Chodzi o 2 i 9 slajd. Prześlij to do [PERSON NAME] jeszcze dziś.",5,5,4,4,4
"[PERSON NAME], czekam od piątku na Twoją notatkę. Wyślij ją najpóźniej dziś do południa. Jak się spóźnisz, będzie niezły kwas.",5,5,5,5,4
"Cześć, [PERSON NAME], wyślij mi proszę jakie zadania realizował w tym tygodniu [PERSON NAME]. Niestety chłopak się pochorował i nie będzie go w pracy dwa tygodnie. Potrzebuje tych info dzisiaj do [TIME].",5,4,3,5,3
Hej. Wszystko się zgadza. Jutro powinny przyjść wyniki testów z [COMPANY NAME]. W temacie [COMPANY NAME] nic się nie dzieje. Zadzwoń jeszcze dziś do ich bezpiecznika i prześlij mi info co ustaliłaś.,5,4,4,5,4
"[PERSON NAME], od dwóch dni czekam na raport od [PERSON NAME]. Możesz zapytać się co się z nim dzieje?",5,4,3,4,4
"[PERSON NAME], przesyłam do weryfikacji wzór [COMPANY NAME] z [COMPANY NAME]. Robimy tam projekt Data Governance jako podwykonawca [COMPANY NAME]. Dacie radę na to spojrzeć i przesłać uwagi (lub potwierdzenie, że możemy podpisać ten dokument) dziś do końca dnia? Pozdrawiam, [PERSON NAME]",5,4,4,4,4
"Hej [PERSON NAME]. Potrzebuję zwiększyć dwukrotnie wielkość dozwolonego pliku na środowisku produkcyjnym. Rozumiem, że musisz zrestartować środowisko. Zrób to dziś do [TIME].",5,5,4,3,3
"[PERSON NAME], niedopuszczalne są kolejne opóźnienia w tym projekcie. Daj mi na jutro plan działań niezbędnych, abyśmy skończyli projekt w czasie i budżecie. Pogadajmy o tym pod koniec dnia.",5,5,4,5,4
"W [COMPANY NAME] dla [COMPANY NAME] nie są wczytywane dane z wstępnej oceny projektu, po wybraniu przycisku. Mogłabyś to poprawić ASAP?",5,5,4,4,5
"Możesz, [PERSON NAME], sprawdzić co dzieje się z fakturami dla [PERSON NAME] z [DATE] i [DATE]? Nie wpłynęły płatności i siada nam płynność. Wyślij im dziś monit i dopilnuj, aby zapłacili do końca tygodnia.",5,4,4,5,4
"[PERSON NAME], zamrażamy od dziś deal z [COMPANY NAME]. Dopóki nie zapłacą za faktury, nie ruszamy z żadnymi pracami. Proszę o przekazanie tego całemu zespołowi. Jeśli klient będzie chciał dostać coś jeszcze, przekierujcie go wprost do mnie, nie podejmując żadnych rozmów, a tym bardziej zobowiązań.",5,4,3,3,3
"Czy Ty wiesz, [PERSON NAME], kiedy mieliśmy zamknąć analizę biznesową? Wciąż nie ma podpisu klienta, a teraz zgłaszają nam wciąż nowe oczekiwania i liczą, że zrobimy je w pierwotnej cenie. Załatw sprawę jak najszybciej.",5,4,3,4,3
"[PERSON NAME], słyszałem, że introligator znów wysłał całą stertę niedorzecznych wymagań do systemu. Zbierz mi to do końca dnia i zaproponuj odpowiedź na każdy punkt. Ma być dyplomatycznie, ale gównie odmownie.",5,4,4,4,4
"Hej, czy mógłbyś przeczytać cały załączony dokument i przesłać mi do niego uwagi? Potrzebowałbym tego do południa, jeżeli dasz radę. Pozdrwiam, [PERSON NAME]",5,4,3,4,5
"[PERSON NAME], [COMPANY NAME] przysłało kolejny problem z raportem z [COMPANY NAME]. Sytuacja robi się nieciekawa. Sprawdź o co chodzi i popraw to na cito.",5,4,5,4,4
"[PERSON NAME], kiedy wreszcie przygotujesz ten projekt. Wszystko jest w proszku, a za dwa dni mamy kick-off. Czekam na status do jutra",5,4,4,4,4
"[PERSON NAME], może pogadamy o tych zmianach o [TIME]? Te proste i szybkie są na dzisiaj, aby widzieli je już jutro od rana. Pozostałe możemy dokończyć do piątku.",5,4,5,5,4
"Jakich danych potrzebujesz od [PERSON NAME], aby skończyć ten raport na kolejną [DAY]? Daj szybko znać, bo on wybiera się na urlop i za dwa dni będzie zniknięty.",5,3,3,4,5
"[PERSON NAME], podeślij notatkę z dzisiejszego spotkania. Dorzucę swoje 3 grosze i najpóźniej jutro trzeba będzie wysłać ją do klienta. Nie zapomnij o zaproponowaniu dat dla zadań. Bez tego nie zmobilizujemy ludzi po ich stronie.",5,4,4,5,4
"przycisk ""wczytaj dane z poprzedniej umowy"" wpisuje też dane kontrahenta więc musi być przed sekcją „dane kontrahenta”. Popraw to koniecznie jeszcze dziś.",5,5,4,4,4
"Cześć, [PERSON NAME]. Witamy na pokładzie. Pierwsze dni będą czasem zapoznawania się z naszymi procedurami. Masz do zaliczenia 4 podstawowe kursy internetowe. Do tego szkolenie BHP jeszcze dziś o [HOUR]. Dołączysz do zespołu projektowego jeszcze w [DATE]. Powodzenia.",5,4,4,2,2
"[PERSON NAME], zostawiłem w biurze wstępną wersję raportu z audytu. Znajdź jakiegoś gońca, aby podrzucił mi te materiały do [PERSON NAME]. Będę tu do [HOUR]. Wszystko leży w szafie przy oknie.",5,4,3,4,3
"[PERSON NAME], robiłaś notatki na wczorajszym spotkaniu. Możesz mi je podesłać dzisiaj do [HOUR]?",5,5,5,5,5
"[PERSON NAME], popraw proszę na 10 stronie slajd z raportem. Poprawiony dokument prześlij do [PERSON NAME] jeszcze dzisiaj do [HOUR].",4,5,4,5,5
"[PERSON NAME], kiedy [COMPANY NAME] ma przesłać Twoje poświadczenie [COMPANY NAME]? Wiem, że nie wszystko od Ciebie zależy, ale zwlekałeś z przesłaniem wniosku, a teraz mamy spięcie na linii z ministerstwem. Jakiś audytor ciśnie ich o pokazanie kwitów, a my dajemy ciała. Załatw sprawę do poniedziałku.",4,3,5,4,4
"[PERSON NAME], Twój raport trzeba jeszcze uzupełnić o prognozy na kolejne trzy kwartały. Porozmawiajmy dziś po [HOUR] o założeniach. [PERSON NAME].",4,3,3,4,4
"[PERSON NAME], daj znać do [COMPANY NAME], że nie zapłacili jeszcze faktury za [DATE] i [DATE]. Jeśli nie uregulują zadłużenia do końca tygodnia, to odetniemy im dostęp do aplikacji w chmurze.",4,3,4,4,3
"[PERSON NAME], kiedy będziemy mogli zająć się tym błędem aplikacji delegacyjnej dla [PERSON NAME]? Proponuję, abyś zabukował sobie czas jutro międzu [TIME] a [TIME].",4,3,4,3,4
"Dzień dobry, Czy byłaby możliwość przeniesienia jutrzejszego spotkania na wcześniejszą lub późniejszą godzinę? [TIME] – [TIME] lub [TIME] – [TIME]",4,3,4,4,5
"Dzień Dobry, Proszę o pilny kontakt. Chciałabym porozmawiać o narzędziu. Pozdrawiam,",4,4,3,3,3
"Cześć, [PERSON NAME], powiedz [PERSON NAME], że lot mi się opóźnił. Niech przełoży jutrzejsze spotkanie z [PERSON NAME] z [TIME] na [TIME].",4,3,4,5,4
Witaj [PERSON NAME]. Podesłałem Ci propozycję aneksu dla [COMPANY NAME]. Potrzebuję Twoich poprawek na jutro. Wysyłam końcową wersję około [TIME].,4,3,4,5,4
"Panowie, Moglibyście proszę wystawić jakieś demo [COMPANY NAME] dla następującego użytkownika: [E-MAIL ADRESS] Koniecznie muszą tam być jakieś gotowe procesy i aplikacje oraz jakieś zadania do wykonania dla tego użytkownika. To jest UX ekspert z firmy [COMPANY NAME], który ma wstępnie rozejrzeć się po platformie przed spotkaniem, na którym mamy uzgodnić warunki audytu UI/UX, który być może wykona dla nas firma [COMPANY NAME]. Tylko to demo powinno być gotowe najpóźniej na jutro. Dzięki, [PERSON NAME]",4,3,2,3,3
"[PERSON NAME], czy przygotowałaś prezentację na spotkanie [COMPANY NAME]? Spotkanie jest już jutro o [TIME]. Prześlij je do mnie dzisiaj do [TIME]. Chciałbym na nie popatrzeć przed prezentacją.",4,3,4,5,5
"[PERSON NAME], jaki jest status projektu [COMPANY NAME]. Za dwa dni mamy spotkanie wewnętrzne. Możesz mi wysłać dzisiaj do [TIME] notatkę z poprzedniego spotkania, które było dwa tygodnie temu?",4,3,4,5,5
Prośba o informacje czy możemy wprowadzić taką zmianę. Jeżeli otrzymamy ją jeszcze dzisiaj to wprowadzimy tą zmianę jeszcze przed jutrzejszym spotkaniem,4,4,4,4,5
"[PERSON NAME], nie ma w tym tygodniu developerów, bo się szkolą. Potrzebuje jednak kopii [COMPANY NAME] dla [PERSON NAME], bo ich PM się ożywił. Wyciągnij kopię z archiwum i podeślij do końca dnia.",4,3,3,4,3
"[PERSON NAME], czekam na rozliczenie kosztów projektu do jutra. Nie zapomnij o mandaysach analityków. Słyszałem, że przepalili mnóstwo czasu na spotkaniach z działem projektowym. To wszystko powoli przestaje się spinać.",4,3,3,4,2
"[PERSON NAME], prześlij mi grafik [PERSON NAME]. Nie mogę go złapać, a jutro mamy spotkanie z [PERSON NAME]. Miało się odbyć o [TIME], a zostało przełożone na [TIME].",4,3,4,5,4
Cześć. Pan [PERSON NAME] poprosił o kilka spotkań w przyszłym tygodniu. Testy procesu spadkowego przesunięte do [DAY]. Rejestracja czasu pracy rusza od dziś. Priorytet na uruchomienie. Pamiętaj tylko o zamówieniu. Miłego dnia,4,4,3,4,3
"[PERSON NAME], potrzebuję statystyki projektowe za mijający kwartał. Jaka część sprintów skończyła się w zakładanym czasie, ile mieliśmy obsunięć.  Dorzuć też garść danych o kosztach. Wszystko to idzie do raportu dla [COMPANY NAME], która ma spotkać się [DATE]. Potrzebujemy więc tego tak szybko, jak się da",4,3,2,4,4
[PERSON NAME]. Do instrukcji musisz dodać zrzuty ekranów z sekcji pierwszej i piątej. Zaznaczyłem wszystko w pliku. Odeślij mi całość jutro do [TIME].,4,3,4,5,4
"Potrzebuję na jutro nowe środowisko demo z aplikacjami RODO. Przygotuj je, [PERSON NAME], i podeślij mi namiary. Zwrotnie dam ci listę użytkowników do ustawienia.",4,3,4,4,4
"[PERSON NAME], wrzuć, proszę, na [COMPANY NAME] - [LINK], nagranie z drugich warsztatów, które odbyły się pod moją nieobecność [DATE]. Klient przypomniał się właśnie w tej sprawie i pogania nas.",4,3,2,2,2
"Mamy obsuwę w projekcie na przynajmniej 2 tygodnie. Wciąż klient nie dostarczył wypełnionej ankiety audytowej. Zaproponuj, [PERSON NAME], co możemy z tym zrobić.",4,4,3,3,3
"[PERSON NAME], wysłałam Ci uwagi do analizy [COMPANY NAME]. Odpisz w komentarzach i odeślij dokument do jutra do [TIME].",4,3,4,5,5
"[PERSON NAME], skończ dziś temat delegacji, bo od jutra musimy zająć się obiegiem faktur dla [COMPANY NAME]. Tam deadline jest na koniec [DATE], więc czasu niewiele. Zaczynamy od kwestii akceptacji u [PERSON NAME].",4,3,4,4,3
"[PERSON NAME], zamykamy księgi w [DAY], więc obdzwoń klientów i sprawdź, czy wszystkie faktury trafiły do adresatów. Nie możemy sobie pozwolić na żadne zwroty. Szczególnie zwróć uwagę na spożywkę, bo oni lubią przedłużać płatności i wszystko zwalać na nas.",3,2,2,2,1
"[PERSON NAME], podeślij mi pilnie fajle z raportami kwartalnej sprzedaży z zeszłego roku. W przyszłym tygodniu będzie kontrola i chcę to mieć pod ręką.",3,3,3,3,4
"[PERSON NAME], będę wdzięczny za podesłanie strategii zmian w obszarze IT [COMPANY NAME] do jutra. Wiem, że czasu jest mało, ale już mamy prawie tydzień opóźnienia. Tracą cierpliwość. Potrzebne jest coś ekstra, aby nie zaczęli szaleć. Może zaproponuj 3 scenariusze, niech mają nad czym główkować.",3,3,3,4,3
"[PERSON NAME], potrzebuję Cię w przyszły [DAY] u [COMPANY NAME]. Masz prawie dwa tygodnie na przygotowanie strategii cross-sellingu. I ani dnia dłużej. To musi zaskoczyć. Ruszamy przynajmniej 25% w górę, albo zamykamy Twój zespół.",3,2,3,2,2
"[PERSON NAME], spotkaj się z [PERSON NAME] jeszcze dziś i ustalcie wydatki marketingowe na kolejny kwartał. Musimy zamknąć budżet do [DATE].",3,3,2,4,3
"[PERSON NAME], daj mi do [DAY] znać którą wersję platformy będziemy wgrywać. Muszę przesłać info do klienta jeszcze w tym tygodniu, a trzeba jeszcze przygotować instrukcje dla użytkowników. To również Twoje zadanie.",3,3,3,4,4
"Tak, jak najbardziej możemy jutro omówić wszystkie kwestie. Myślę, że najlepiej by było umówić się w [TIME]-[TIME]. Pozdrawiam,",3,2,4,3,4
"[PERSON NAME], gdzie zapisałaś zrzuty ekranów potrzebne do napisania instrukcji Delegacji. Proszę, wyślij mi je jutro do [HOUR].",3,2,4,5,4
"[PERSON NAME], czy moglibyśmy się jutro zdzwonić w sprawie statusu różnych tematów u Was. Pytałeś też ostatnio o podpis kwalifikowany – mamy update w tym temacie. Kiedy jutro by Ci odpowiadało (30 min – 1h), godziny między [TIME] [TIME] dowolne? Pozdrawiam,",3,3,3,3,3
"Mógłbyś do jutra przeczytać załączoną ofertę pod względem poprawności językowej i logiki? Pozdrawiam, [PERSON NAME]",3,4,3,3,4
"[PERSON NAME], sprawdź proszę poniższe punkty i zdzwońmy się jak będziemy wiedział, czy to faktycznie błędy. Pozdrawiam,",3,2,2,3,3
"[PERSON NAME], spotkaj się dziś z [PERSON NAME] i ustalcie główne założenia do procedury [COMPANY NAME]. Propozycję materiału na [COMPANY NAME] potrzebujemy do końca miesiąca.",3,3,2,4,3
"[PERSON NAME], koniec pajacowania. Ten zestaw procedur ma być na moim kompie do [DAY]. Sczytany, bez literówek i innego śmiecia. Weź do pomocy kogo chcesz, ale tu już nie ma przebacz.",3,2,4,3,2
"[PERSON NAME] i [PERSON NAME], doceniam Wasze wysiłki w pozyskaniu tych ciepłowni ze [GEOGRAPHIC NAME]. Czekam jednak na konkretne wyniki. Prześlijcie mi na jutro rano szacunki sprzedaży. W stosunku do ich realizacji będzie liczona Wasza premia. Pamiętajcie jednak, że cel ma być ambitny.",3,3,3,3,2
"Cześć, Do mnie zaproszenie na jutro nie dotarło. Sforwarduj, proszę.",3,3,1,4,3
"Cześć, Zobaczysz co się dzieje? Daj znać jeśli potrzebujesz więcej informacji.",3,3,3,2,3
"[PERSON NAME], potrzebuje Cię złapać między [DAY] a [DAY]. Mam pilny temat do omówienia w sprawie [COMPANY NAME].",3,3,5,3,5
"Cześć! Potrzebuję opublikować 3 ogłoszenia o pracy na [COMPANY NAME] do [DAY]. Dla developera, UX designera i handlowca. Przygotuj, proszę, treść - wraz z profilem firmy – na jutro, [TIME].",3,2,3,5,3
"[PERSON NAME], Twoje jutrzejsze spotkanie z [PERSON NAME] Co. jest aktualne. Odbierz ich z lotniska o [TIME]. Potem macie obiad na [PERSON NAME]. Przyprowadź ich do mnie około [TIME].",3,3,2,4,4
"[PERSON NAME], przygotuj grafik urlopów w okresie wakacyjnym. Dostarcz to do HRów jeszcze w tym tygodniu, abyśmy mogli zabezpieczyć front robót, gdyby wyskoczył jakiś niespodziewany projekt. Sprawa pilna i wazna.",3,3,3,4,3
"Dzień dobry, bardzo proszę o potwierdzenie, że po aktualizacji wersji [COMPANY NAME] integracja z [COMPANY NAME] będzie możliwa. Nie ukrywam, że bardzo mi zależy na czasie i chciałabym aby proces jak naszybciej ruszył. Pozdrawiam",3,2,3,3,3
"Cześć, bardzo proszę o przesyłanie zmian do wprowadzenia. Mamy ograniczone możliwości czasowe na wykonanie zmian. Pozdrawiam [PERSON NAME]",3,2,2,2,2
"Dzień dobry, w takim razie przystępuję dziś do konfiguracji. Proszę o przesłanie [COMPANY NAME] SMS-em. [PERSON NAME]",3,3,3,2,4
"Dobrze, to zrób dziś taki opis na formularzu jak ustaliliśmy, a ostatecznie zdecyduje klient. Popraw też raporty - wszędzie należy dać w odpowiednim miejscu nagłówki ""Nazwa i numer dokumentu"", a z Umów powierzenia usunąć kolumnę „Numer dokumentu”.",3,2,3,3,2
"[PERSON NAME], rozmowa o ocenie rocznej będzie pojutrze w południe. Przygotuj samoocenę.",3,2,3,4,4
Cześć [PERSON NAME]. Mobilna wersja aplikacji to clue całego projektu. Cała reszta to tylko dodatek. Podeślij mi jutro kto u Ciebie będzie zajmował się tematem i jego/jej szacunki pracochłonności,3,2,3,3,4
"[PERSON NAME], spróbuj tym razem nie spóźnić się z dostawą kodów dla encji. Reszta zespołu liczy na Ciebie. Musisz zamknąć temat do [DAY]. Inaczej nie ręczę za siebie.",3,3,3,3,2
"Dzień dobry, Potrzebujemy trochę więcej czasu na wprowadzenie uwag z naszego [DAY] spotkania. Czy moglibyśmy się spotkać na kolejną rundę dyskusji jutro po [TIME] lub w [DAY]? Pozdrawiam, [PERSON NAME]",3,2,3,3,3
"Jest interes do zrobienia. Potrzebuję od Ciebie tylko pełnego zaangażowania we [DAY] i w [DAY]. Zarezerwuj sobie, [PERSON NAME], czas w kalendarzu, aby nic nam nie przeszkadzało w domknięciu oferty.",3,2,3,2,2
"[PERSON NAME], przejrzyj do [DAY] te materiały o [COMPANY NAME]. Potrzebuję konkretnych wytycznych dla developerów, aby zrobić coś podobnego dla [COMPANY NAME]. To duży deal, z niesamowitymi perspektywami.",3,2,3,3,3
"Pani [PERSON NAME], Mamy dla Państwa okienko: [DATE], [TIME] – [TIME]. Czy Państwu pasuje ten termin? Na pytania postaram się jeszcze dzisiaj odpowiedzieć. Pozdrawiam, [PERSON NAME]",3,1,2,3,3
"Hej, jutro na spotkaniu up ustalmy proszę dalszy plan. Wydaje mi się, że zanim im oddamy aplikacje na testy, to trzeba im krótko ją zaprezentować.",3,2,3,4,4
"[PERSON NAME], do końca tygodnia prześlij wyniki przeglądu uprawnień do folderów audytowych do mnie i [PERSON NAME]. Jest to pilne, bo kontroler już się z nami umawia na kolejną turę spotkań.",3,2,2,3,3
"Cześć, [PERSON NAME], jutro mamy tego calla z [COMPANY NAME] w sprawie projektu OCR. Możesz mi podesłać dokładną godzinę spotkania?",3,2,2,4,4
"Cześć, [COMPANY NAME] chce się zdzwonić w sprawie umowy w [DAY] ok [TIME]-[TIME] (z prawnikami), jak Twój kalendarz?",3,2,5,3,4
"[PERSON NAME], poproś [PERSON NAME], żeby wysłał mi dokumentację [COMPANY NAME], którą przygotował w [DAY]. Nie mogę się do niego dodzwonić, a potrzebuje tych dokumentów do [DAY] do [TIME].",3,2,2,5,3
"[PERSON NAME], [PERSON NAME] potrzebuje pomocy przy dokończeniu front-endu dla [COMPANY NAME]. Dasz radę wygospodarować z 4 godziny w [DAY], aby z nim popracować?",3,2,2,2,1
"Cześć, jak najbardziej możemy omówić ten temat jutro na spotkaniu o [TIME]. Zaraz wyślę zaproszenie.",3,2,3,3,3
"[PERSON NAME], Do pogadania – daj znać kiedy możemy się zdzwonić Pzdr. [PERSON NAME]",3,1,1,2,3
"[PERSON NAME], do [DAY] przygotuj zbiórkę w firmie w ramach [COMPANY NAME]. Prezes obiecał, że dorzuci drugie tyle, to zbierzemy. Może być jeszcze lepszy wynik niż rok temu.",3,1,2,3,2
"[PERSON NAME], A [DAY] [TIME]? W [DAY] może by dało radę ale tylko 30 min. Moim zdaniem to za mało czasu. Pozdrawiam",3,2,3,2,1
"Panie [PERSON NAME], Bardzo dziękuję za dokument. Czy moglibyśmy umówić się na telekonferencję jutro, ewentualnie w [DAY]? Jeśli tak to prosiłabym o podanie propozycji  najbardziej dogodnych dla Panów terminów i postaram się to spiąć z naszymi kalendarzami.",3,2,2,3,3
"Dzień dobry Panie [PERSON NAME]. Podsyłam propozycje [COMPANY NAME] dla naszego projektu. Proszę o przesłanie podpisanego dokumentu do [DAY], abyśmy zdążyli złożyć ofertę na konsorcjum.  Temat wygląda bardzo interesująco. Razem damy radę.",3,2,3,4,4
"Kiedy uda Ci się przesłać do [COMPANY NAME] update po naszych wczorajszym callu? Tylko to nas jeszcze wstrzymuje przed powrotem do klienta i pchaniem tematu do przodu? Dzięki, [PERSON NAME]",3,1,3,3,4
"[PERSON NAME], wspominałeś coś o pomysłach na wypromowanie naszego e-learningu w sieci. Przygotuj mi opis w kilku buletach i kosztorys. Wszystko na moim biurku w [DAY] rano. Później pomyślimy co z tych pomysłów będzie realnie do wprowadzenia",3,2,1,2,1
"Podeślijcie, na załączonym pliku, zestawienie Waszych godzin za [DATE] dla [COMPANY NAME]. Potrzebuję to do [DAY], do południa.",3,1,4,4,4
"[PERSON NAME], przejrzyj procedurę i dodaj swoje uwagi. Ostateczną wersję wysyłamy do prezesa w [DAY].",3,2,3,3,3
"Mamy dla Państwa okienko: [DAY] [DATE], [TIME] – [TIME]. Czy Państwu pasuje ten termin? Na pytania postaram się jeszcze dzisiaj odpowiedzieć.",3,2,2,4,4
"Cześć, Nie do końca rozumiem jak działają te procesy. Możemy jutro spotkać się i omówić wewnętrznie?",3,2,4,4,4
"Panowie, zdzwońmy się żeby omówić kwestie przetargu do [COMPANY NAME]. Proponuję dziś [TIME], jutro [TIME] – dajcie znać jak Wam odpowiada. - zapytanie od [COMPANY NAME] - załączam. Pozdrawiam serdecznie",3,1,2,3,3
"[PERSON NAME], gdzie znajdę raport, który przygotowałaś dla [PERSON NAME]. Potrzebuje go do [DAY].",3,2,3,5,3
"[PERSON NAME], prośba z mojej strony, dałbyś radę coś przeorganizować, żeby jednak zrobić spotkanie z [COMPANY NAME] w ten [DAY] o [TIME]? Oni mi płaczą, że mają dużo osób na spotkanie i trudno zgrać kalendarze, a chcielibyśmy domknąć ten temat jak najszybciej Pozdrawiam, [PERSON NAME]",3,2,2,4,3
"[PERSON NAME], pamiętaj o wprowadzeniu dokumentacji [COMPANY NAME] do repozytorium. Potrzebujemy jej na [DAY]. Mamy spotkanie o [TIME].",2,2,3,4,4
"[PERSON NAME]. Znajdź oferty najlepszych szkoleń dla [COMPANY NAME] na rynku. Zrób ich zestawienie, silne i słabe strony. Zaproponuj jak możemy wejść na ten rynek z naszym potencjałem. Porozmawiajmy o tym w [DAY] u Ciebie w biurze, tak koło [TIME].",2,1,2,2,1
"Panie [PERSON NAME], puściłem zaproszenie na telko w [DAY]. Porozmawiamy o aneksie do umowy, który Pan wczoraj przesłał.",2,1,1,4,3
"Witaj [PERSON NAME]. Wysyłamy wkrótce wniosek do [COMPANY NAME] i brakuje nam już tylko kilku detali. Między innymi bilansu i rachunku wyników za ostatnie dwa lata. Pchnij je do [PERSON NAME], najdalej w [DAY].",2,2,3,4,3
"[PERSON NAME], przygotuj, proszę, zestawienie umów z zeszłego roku, z uwzględnieniem wdrożeń on-prem i w chmurze. Spotkajmy się w [DAY] o [TIME], aby omówić wyniki.",2,1,2,3,3
"[PERSON NAME], podeślesz mi powerpointa z ostatnia ofertą dla [PERSON NAME]? Będę miał podobny temat u nowego klienta i chciałbym skorzystać z wypracowanego wzorca. Mam za mało czasu na budowanie czegoś od nowa.",2,1,2,2,2
"[PERSON NAME], potrzebujemy przygotować nowy raport dla [COMPANY NAME] z obiegu faktur. Coś ze split payment. Znajdziesz na to czas w tym tygodniu? Klient nie płaci dużo, ale przynajmniej solidnie, na czas.",2,2,2,2,2
"Proponujemy spotkać się w [DAY] [DATE]. Dostępność  pomiędzy godzinami [TIME] a [TIME]. Proszę o informację, która godzina będzie dla Państwa możliwa.",2,1,2,3,3
"[PERSON NAME], kto ostatnio robił nam pentesty? Znajdź mi na [DATE] sprytną ekipę, abyśmy zdążyli połatać ewentualne dziury zanim [COMPANY NAME] upomni się o wyniki corocznych sec-przeglądów",2,1,1,2,1
"Cześć, mógłbyś podesłać nam ten plik, albo wrzucić go na [COMPANY NAME]? Nie mamy dostępu do [FOLDER PATH]. Dzięki",2,1,3,3,3
"Witam, podeślijcie mi proszę hasło do pliku. Wydaje mi się, że mogło zostać przekazane jedynie do [PERSON NAME]. Pozdrawiam / Best regards, [PERSON NAME]",2,1,2,2,2
"[PERSON NAME], Twój pomysł na promocję [COMPANY NAME] jest świetny. Potrzebuję tylko paru szczegółów, aby przedstawić go zarządowi. Spotkajmy się jutro na lunchu i dogadajmy detale. Wrzucam wstępne zaproszenie w [COMPANY NAME].",2,2,2,4,2
"[PERSON NAME], Załóż, proszę, testowe konto dla Pani [PERSON NAME]. Jak dla tego gościa z [COMPANY NAME]. Podeślij mi, proszę, użytkownika i hasło początkowe. Wyślę do klientki.",2,2,2,1,1
"[PERSON NAME], liczę na Twój udział w kick-off procesu spadkowego w [COMPANY NAME]. Zaczynamy w [DAY], w samo południe, na [GEOGRAPHIC NAME]. Czekam na Twoje sugestie co do poprowadzenia tego spotkania, a w szczególności pierwszych zadań dla ludzi po stronie klienta.",2,1,1,2,1
[PERSON NAME]. Klient oczekuje jednego artykułu miesięcznie o tematach związanych z RODO. Do [DATE]. Najbliższy artykuł potrzebuje od Ciebie najpóźniej w [DATE].,2,2,2,4,3
"Cześć, [PERSON NAME], [PERSON NAME] odpisał do mnie, że mógłby się spotkać w drugiej połowie tygodnia. Ja bym proponował [DAY] o [TIME], albo nawet o [TIME]. Proszę, daj mi znać, jaki termin ci pasuje. Pozdrawiam, [PERSON NAME]",2,1,2,3,3
"Dzień dobry pani [PERSON NAME], Mamy jeden przypadek u właściciela [COMPANY NAME] który chciał zrobić wymagany przegląd [COMPANY NAME], ale niestety przy wyborze przeglądu i przy próbie wyszukiwania kontrahenta nie pojawia się on w wynikach wyszukiwania. Właściciel nie otrzymał również powiadomienia o zbliżającym się terminie badania. Na raporcie z rejestru [COMPANY NAME] jest informacja o poprawnym przypisaniu właściciela: Proszę o weryfikację po Państwa stronie.",2,1,1,1,1
"[PERSON NAME], kiedy możemy spotkać się raz jeszcze, zadamy jeszcze raz pytania techniczne? Oczywiście pytania oraz nasze wątpliwości postaram się wysłać jutro mailem tak żebyście mieli materiał aby się przygotować. Pozdrawiam [PERSON NAME]",2,2,3,4,3
Dzień dobry Panie [PERSON NAME]. Czy możemy liczyć na skan podpisanej umowy? Dziękuję Pozdrawiam [PERSON NAME],2,1,1,1,1
Idziemy dziś się nieco wyluzować po robocie. Daj znać do [TIME] ile osób od Ciebie pójdzie. Załatwię rezerwację „U [PERSON NAME]” na bilardzie.,2,2,3,3,2
"[PERSON NAME], słyszałem, że u Ciebie parę osób wypadło ostatnio z zespołu. Uzgodnij z pośrednikiem kogo potrzebujesz i szybko ruszajcie z rekrutacją. Masz zielone światło. Pamiętaj tylko, że budżet kadrowy musisz wykorzystać najpóźniej do końca kwartału. Potem nici z kasy.",2,1,2,3,2
"[PERSON NAME], kiedy będziesz dostępna w przyszłym tygodniu? Potrzebuję ze dwie godziny na małe warsztaty z Design Thinking. Klient się uparł na tę metodykę i bez tego spotkania ani rusz. Czekam na wrzutkę do kalendarza",2,2,2,3,2
"Dzień dobry, Użytkownicy zgłosili, że zmieniło się działanie aplikacji Kontrahenci. Ciężko znaleźć sposób na dodanie nowego kontrahenta. Okazuje się, że trzeba najpierw kliknąć „wyszukaj kontrahenta”, żeby pojawił się przycisk „Nowy kontrahent”. Proszę zobaczyć jako to teraz działa. Jeżeli nie da się tego w prosty sposób poprawić, to może dodać podpowiedź dotyczącą dodania nowego kontrahenta. Pozdrawiam, [PERSON NAME]",2,1,2,1,2
"Panie [PERSON NAME], Proszę o sprawdzenie czy macie dostęp do naszego środowiska testowego [COMPANY NAME]. Pozdrawiam [PERSON NAME]",2,1,1,1,1
"[PERSON NAME], sporo się ostatnio mówi o platformach typu low-code. Przygotuj na [DAY] zestawienie głównych dostawców w [COMPANY NAME], ze szczególnym uwzględnieniem zatrudnienia, listy klientów i cenników. Nie interesuje mnie skąd weźmiesz dane. Możesz skorzystać z naszych przyjaciół z [COMPANY NAME].",2,1,1,1,0
"Dzień Dobry Panie [PERSON NAME], Chcielibyśmy wykonać testy wydajnościowe [COMPANY NAME] retencji z użyciem ok 10000 rachunków. Mamy już przygotowane dane do wykonania tego testu. Na jaki dzień możemy się umówić, żeby wykonać taki test i prosić o Pana wsparcie w tym czasie? Czy np. [DAY] lub [DAY] będzie odpowiedni? Proszę dać znać. Pozdrawiam,",2,1,1,2,1
"Dzień dobry, W nawiązaniu do rozmowy telefonicznej, potrzebowalibyśmy przeszkolenia dwóch osób z naszej firmy z zakresu ochrony informacji niejawnych. Szkolenie to potrzebne jest nam do spełnienia wymogów oferty, w której jesteśmy podwykonawcami [COMPANY NAME]. Zgodnie z rozmową prosiłbym o przesłanie wzoru umowy ‘jednorazowki’, kosztu usługi oraz zaproponowanie terminu szkolenie (powinniśmy mieć je przeprowadzone najpóźniej do [DATE]). Pozdrawiam, [PERSON NAME]",2,1,0,1,1
"Dzień dobry, Ustawiliśmy dzisiaj parametr Limit pobieranych retencji na 5, ale w nowej sprawie 79 i następnie 80 zostało pobranych z hurtowni 6 Id retencji do usunięcia. Proszę o weryfikację. Pozdrawiam,",2,1,2,2,1
"[PERSON NAME], Pamiętasz może jakie rozwiązania podrzucałeś [COMPANY NAME] odnośnie ich problemów z widocznością rekordów dla poszczególnych użytkowników w [COMPANY NAME]? [COMPANY NAME] ma nadal z tym problem i prosi o podesłanie krótkiego opisu potencjalnych rozwiązań, o których rozmawialiśmy na spotkaniu z [COMPANY NAME] Pozdrawiam, [PERSON NAME]",2,1,2,1,2
"[PERSON NAME], Podeślij proszę pytania i umówimy spotkanie na jutro lub początek przyszłego tygodnia. Pozdrawiam, [PERSON NAME]",2,2,1,4,4
"[PERSON NAME], przygotuj harmonogram projektu konsultingowego dla [COMPANY NAME] do [DAY]. Wrzucimy do oferty i przedyskutujemy w [DAY] z klientem.",2,1,1,3,2
"Dzień dobry, Dziękujemy za umowę. W związku z tym, że nasz projekt (na potrzeby którego potrzebujemy szkolenia [COMPANY NAME]) będzie się jednak rozpoczynał od [DATE], szkolenie chcielibyśmy przeprowadzić np. pod koniec przyszłego tygodnia. Czy byliby Państwa w stanie zaproponować jakiś termin po [DATE]? Pozdrawiam, [PERSON NAME]",2,1,1,3,2
"[PERSON NAME], W załączeniu poniższa faktura + ta większe za zarządzanie uprawnieniami. Problem w tym, że obydwa zamówienia mają ten sam numer (21) według informacji od Ciebie. Prośba o zweryfikowanie, czy tak na pewno jest.",2,1,2,1,2
"Dzień dobry, [PERSON NAME] zgłasza brak dostępu do [PERSON NAME] zgłasza problem z dostępem do [FOLDER PATH]. Prosimy o nadanie dostępu, powinna zobaczyć [COMPANY NAME], których jest właścicielem. Pozdrawiam,",2,1,3,2,2
"Dzień dobry, Zmiany zostały wprowadzone zgodnie z instrukcjami. W załączniku aktualny report [COMPANY NAME]. Prośba o potwierdzenie, że proces może zostać przesłany do akceptacji w [COMPANY NAME]. Hasło prześlę w kolejnej wiadomości. Pozdrawiam [PERSON NAME]",2,0,1,2,2
"[PERSON NAME], może napiszmy że z tematem klauzul wrócimy do niej do końca tygodnia… Pozdrawiam,",2,1,3,2,3
"Szanowni Państwo, Jeżeli jest taka możliwość chętnie spotkamy się z Państwem na początku przyszłego tygodnia aby omówić schemat ewentualnej współpracy [COMPANY NAME] – [COMPANY NAME] oraz wyjaśnić ewentualne wątpliwości związane z umową czy ofertą. Pozdrawiam [PERSON NAME]",2,0,0,1,2
"[PERSON NAME], mamy jednocześnie dwie oferty do wypchnięcia w przyszłym tygodniu. Ja wezmę tę na cybersecurity dla [PERSON NAME], a Tobie podrzucam ten temat governance’owy w [COMPANY NAME]. Wrzuć mi jakąś perełkę, żaby nie była już potrzebna żadna dodatkowa obróbka. Wiesz co lubię.",2,1,2,2,3
"[PERSON NAME], rozmawiałem z [PERSON NAME] na temat tego połączenia z [COMPANY NAME] i przez chwilę działało a teraz znowu nie działa. Już wysłał do [COMPANY NAME] informacje. Dopilnuj, abyśmy mieli dostęp do ich środowiska najpóźniej do następnego [DAY] rano.",2,1,2,4,3
"[PERSON NAME], zaprosiłam Cię na spotkanie z [COMPANY NAME]. Proszę, odpisz czy interesuje Cię to spotkanie. Muszę potwierdzić liczbę osób biorących udział. Przypominam ma się odbyć w [COMPANY NAME] o [TIME].",2,1,1,2,2
Prosimy o przeprowadzenie testów do [DAY] [DATE] i przesłanie uwag.,2,1,1,3,2
"Pani [PERSON NAME], Kiedy możemy się spodziewać odpowiedzi w kwestii umowy [COMPANY NAME]. Pozdrawiam/Best regards [PERSON NAME]",2,1,1,2,3
"[PERSON NAME], na jakie dokumenty czekamy jeszcze z [COMPANY NAME]? Przysłali tego wszystkiego furę, trudno się połapać co jest nam potrzebne, a co zbędne. A przede wszystko czego jeszcze brakuje. Wyślij im, do mnie [COMPANY NAME], odpowiednie zestawienie. Najlepiej jeszcze w tym tygodniu",2,1,2,4,2
Dzień dobry. Panie [PERSON NAME] czy mamy może jakieś informacje odnośnie zapytania o postępowanie w opisanej sytuacji?,2,1,2,1,4
"Szanowni Państwo, Dziękuje za spotkanie. Przesyłam w załączeniu [COMPANY NAME] w którym określone mamy wymagania dla systemów.  Zgodnie z ustaleniami prosimy o przygotowanie dokumentu do [DATE].  Pozdrawiam",2,0,2,2,3
Proszę o ponowne wystawienie faktury z prawidłową datą. Nie może być wcześniejsza niż data podpisania protokołu odbioru,2,1,2,1,3
"Dzień dobry, Proszę o rzucenie okiem na OCR, czy wszystko u Państwa działa? Pozdrawiam, [PERSON NAME] Dziękuję",2,0,1,1,1
"[PERSON NAME], zorganizuj na [DAY] wieczorem bankiet w [GEOGRAPHIC NAME] dla 9 osób. Będzie m.in. [PERSON NAME] z mężem i wiesz kto. To wszystko są [COMPANY NAME], więc pamiętaj o odpowiedniej oprawie, ale też bezpiecznym rozliczeniu kosztów. Gdybyś miała jakiekolwiek problemy, dawaj znać.",2,2,0,1,0
"[PERSON NAME], wyślesz zaproszenie na spotkanie, żeby zablokować czas w kalendarzach, czy my mamy wysłać? Pozdrawiam, [PERSON NAME]",2,1,2,2,3
"Dzień dobry, zapraszamy na spotkanie we [DAY] [DATE] między [TIME], a [TIME]. Chcielibyśmy omówić przygotowany wstępnie proces",2,0,1,2,2
"[PERSON NAME], W trakcie opiniowania Umowy pojawiły się pytania, na który nie znaliśmy odpowiedzi, zwłaszcza jeśli chodzi o stronę techniczną, IT. W związku z tym proszę o: Krótki opis koncepcji na retencję danych w [COMPANY NAME], na spotkaniu padły 2-3 rozwiązania. Zaprezentowanie wersji demo aplikacji [COMPANY NAME] wraz z opcją wyszukiwania danych w rozproszonych bazach danych. Pozdrawiam [PERSON NAME]",2,1,1,1,1
"[PERSON NAME], prześlij projekt GUI do [PERSON NAME]. Potrzebuję jego okejki do następnego [DAY], aby deweloperzy dali radę z aplikacją",2,1,2,4,4
"Spotkanie z [COMPANY NAME] zorganizujemy nie wcześniej niż w [DAY] w przyszłym tygodniu. Zaproponuję im [DATE] o [TIME] albo [TIME]. Widzę, że nie masz tam spotkań. Proszę, potwierdź czy zaproponowany termin Ci pasuje.",2,0,1,2,2
"[PERSON NAME], mam nadzieję, że nic nie powstrzyma Cię przed udziałem w naszym małym turnieju bowlingowym w [DAY]. Zaczynamy o [TIME] w [COMPANY NAME] na [GEOGRAPHIC NAME]. Grzejemy dla Ciebie miejsce. Potwierdź ASAP, że do nas dołączysz.",2,1,0,1,0
"[PERSON NAME], Zgodnie z rozmową – [DAY] nam (ja i [PERSON NAME]) nie pasuje. Proponuje [DAY] ([DATE]) albo [DAY] ([DATE]) [TIME] – [TIME] Z informacji, które uzyskałem od [PERSON NAME] i [PERSON NAME] wydaje się, że możemy zmienić ten system na inny oczywiście zgodnie z pozostałymi założeniami dotyczącymi prac na nim przeprowadzonych. Pozdrawiam, [PERSON NAME]",1,1,1,1,1
"[PERSON NAME], do przetłumaczenia są 4 aplikacje w [COMPANY NAME]. Musisz zdążyć przed świętami, aby prawnicy zdążyli jeszcze nanieść swoje poprawki, zanim oddamy wszystko do klienta.",1,1,2,3,3
"Dzień dobry, Dzisiaj podczas usuwania dokumentów wystąpił nowy błąd: Przeprowadzono proces usuwania danych [ID] dla umowy [ID] Znaleziono dokumentów 26: Wystąpił błąd: Unsupported null parameter passed to function: isObject(Null) at line [31:9] Proszę o weryfikację. Pozdrawiam,",1,1,2,1,1
"Witam Panie [PERSON NAME], W [COMPANY NAME] zarejestrowałem poniższy przypadek. Przy tej okazji, jeśli to możliwe prosimy o skorygowanie procesu tak aby zgłoszone Sprawy oraz zawartość raportu zgłoszonych spraw były dostępne dla wszystkich przedstawicieli [COMPANY NAME]",1,0,1,2,2
"Witam, Prosilibyśmy o informacje co możemy zrobić, żeby zdarzenia odrzucone były w usuwane automatycznie z bazy. Obecnie wciąż je widzimy, ze statusem ‘odrzucone’. Pozdrawiam,",1,1,2,1,1
"Cześć, Właśnie rozmawiałam z [PERSON NAME], że dobrze byłoby wyjaśnić z klientem, czy podstawowe to znaczy minimalne do wdrożenia czy może jednak – że dokument ma być prosty i na dużym poziomie ogólności.  [PERSON NAME], czy mógłbyś ustawić spotkanie z klientem w tym temacie? Dzięki! [PERSON NAME]",1,1,1,2,2
"Dziękuję za informację, Poproszę w takim razie o logi (w szczególności [ID]). Pozdrawiam",1,0,2,1,2
"Witam, Proszę o kontakt. Pozdrawiam, [PERSON NAME]",1,0,1,2,3
Cześć. Pamiętajcie o uzupełnieniu bazy utworów do końca miesiąca. Później mogą być problemy ze skarbówką.,1,0,2,2,0
"To poproszę [DAY] [DATE] g. [TIME]. Czy wysłać zaproszenie przez [COMPANY NAME]? Pozdrawiam, [PERSON NAME]",1,0,0,1,2
"[PERSON NAME], pamiętaj, że z [PERSON NAME] spotykamy się na warsztatach od [DAY] ([DATE]) do [DAY] ([DATE]) włącznie,w godzinach od [TIME] do [TIME].",1,1,1,1,2
"Super, że możemy się spotkać w [DAY].  Zaraz wyślę do Ciebie zaproszenie na [DAY] na [TIME].",1,1,1,2,1
"Dzień dobry, Pani [PERSON NAME] procesy [ID], [ID], [ID] zostały przesłane do akceptacji w [COMPANY NAME]. W załączniku przesyłam Report [PERSON NAME] dla procesu [ID] po aktualizacji. Prośba o zwrócenie uwagi na wykaz źródeł w kroku [ID] (A.1 Payment order occured). Poniżej zamieszczam screen. Prośba o informację czy należy też tutaj dodać źródło Payment Gateway oraz czy wprowadzić w wykazie inne zmiany.",1,1,2,1,2
"Dzień dobry, Skończyliśmy już aktualizację aplikacji [ID] i możemy przekazać ją państwu do testów. Sugerujemy rozpocząć testy na naszym środowisku cloud, abyśmy mogli łatwiej reagować na państwa uwagi. Proszę o informację, komu założyć konta do testów, wraz z informacją do jakich działów powinny te osoby zostać przydzielone. Pozdrawiam",1,1,1,1,1
"[PERSON NAME], poradziłeś sobie z [PERSON NAME], to dasz też radę z [PERSON NAME]. Wrzuć nam spotkanko w przyszłym tygodniu na obgadanie strategii cenowej. Pamiętaj tylko, że teraz trzeba będzie trochę polatać po [GEOGRAPHIC NAME], bo nie wszystko da się załatwić na [GEOGRAPHIC NAME]",1,1,1,2,2
"[PERSON NAME], aktualizacja naszej strony musi zakończyć się do [DATE]. Pamiętaj, że trzeba przebudować sekcję pytań i odpowiedzi oraz zaktualizować cennik. Gdybyś potrzebował pomocy, zgłoś się do [PERSON NAME].",1,1,0,2,2
"[PERSON NAME], Mamy błędy na [ID] i [ID], możesz zerknąć?",1,1,1,2,3
"Cześć, w załączeniu przesyłam listę remarków na [COMPANY NAME] w ramach kontroli [COMPANY NAME]. Jesteśmy zobligowani do zweryfikowania kontroli w oparciu o uwagi zgłoszone przez [COMPANY NAME]. Prośba do Was o przygotowanie zmian stosownie do uwag lub innych aktualizacji w procesach i kontrolach. W najbliższym czasie chcemy rozpocząć prace związane z weryfikacją i wprowadzaniem zmian procesach. Zmiany muszą być wprowadzone do [DATE] W razie pytań prośba o kontakt. Pozdrawiam [PERSON NAME]",1,0,1,1,2
"[PERSON NAME], Wystaw, proszę, fakturę dla [COMPANY NAME] za aplikację Usuwanie plików z repozytorium [FOLDER PATH]. Kwota [VALUE] netto. Gdy trafi do Ciebie papierowa wersja protokołu, to podpisz i odeślij do [COMPANY NAME]. Pozdrawiam,",1,0,1,1,1
"Hej, [PERSON NAME]. Planuję być u Ciebie w [DAY]. Znajdziesz czas między [TIME] a [TIME] na szybki lunch i przejrzenie projektu umowy? Już cieszę się na to spotkanie. Do zo!",1,2,2,3,2
"Cześć, [PERSON NAME], przepraszam za opóźnienie w odpowiedzi. Opisy są prawidłowe. Prośba o upgrade w [COMPANY NAME]. Dla procesu [COMPANY NAME]: [ID] – [COMPANY NAME] proszę o wprowadzenie analogicznych zmian jak dla procesu [ID]. Pozdrawiam / Best regards, [PERSON NAME]",1,0,2,1,2
"Tradycją jest nasze coroczne spotkanie opłatkowe. Zwykle organizujemy je, jak wiesz, gdzieś w [GEOGRAPHIC NAME]. Proponuję jednak zmianę klimatu. [PERSON NAME], zaproponuj, proszę kilka lokalizacji na [GEOGRAPHIC NAME]. Porozmawiajmy o dostępnych opcjach może w [DAY], po [TIME].",1,1,1,1,1
"Panie [PERSON NAME], Bardzo proszę o przesłanie zaktualizowanego dokumentu. Ostatnia wersja jaką mamy to [ID] a wiem, że  od tamtej pory zostało wprowadzone kilka modyfikacji.",1,0,2,1,2
"Czy mógłbym prosić o uruchomienie na produkcji polecenia i przesłanie wyniku: [COMMAND] Oraz o przesłanie zawartości pliku [FOLDER PATH], którym jest uruchamiania [COMPANY NAME], oraz zawartości pliku [FOLDER PATH]. Pozdrawiam",1,0,1,0,1
"Dobrze słyszeć, Czy ktoś mógłby sprawdzić, czy taki dokument pojawił się w testowej organizacji w [COMPANY NAME]? Jak tu będzie potwierdzone to możemy działać już z samym procesem [ID]. Pozdrawiam",1,1,2,1,2
"[PERSON NAME], mam prośbę. Czy mógłbyś proszę przygotować instrukcję w sprawie [ID], która byłaby połączeniem: [ID], oraz [ID] [COMPANY NAME], którą przesyłam w załączeniu. Jeśli chodzi o format to postaraj się proszę przygotować to w formacie podobnym jak załączona [ID]. Dzięki. Pozdrawiam,",1,0,1,1,1
"[PERSON NAME], Da radę się odezwać? Pzdr, [PERSON NAME]",1,1,0,0,1
"[PERSON NAME], Podeślij mi, proszę, raport z [COMPANY NAME] z postępami użytkowników szkolenia [COMPANY NAME] z [COMPANY NAME][PERSON NAME]",1,0,2,0,2
"Hej, Czy mamy jakieś nowe informacje? Ewentualnie kiedy spodziewamy się jakiś informacji? Pozdrawiam [PERSON NAME]",1,1,1,1,2
"Dzień dobry, W nawiązaniu do wczorajszych ustaleń, prosimy również o przesłanie kilku wzorów podpisów likwidatorów do pism (faksymile) oraz listę dokumentów o które Państwo proszą w pismach [ID]. Pozdrawiam,",1,0,1,2,1
"[PERSON NAME], Proszę o wystawienie faktury dla [PERSON NAME] za pełnienie funkcji Koordynatora ds. [COMPANY NAME] oraz świadczenie usług doradczych w okresie [DATE] - [DATE] w kwocie [VALUE] netto. Umowa nr [ID] z [DATE]. Wprowadź, proszę, na fakturze nasz numer dostawcy - [ID]. Pozdrawiam,",1,0,1,0,0
"Przetłumacz proszę slajd 8. Pozdrawiam, [PERSON NAME]",1,0,1,1,2
"Dzień dobry, Panie [PERSON NAME] otrzymałam poniższe polecenie. Czy mogłabym Państwa prosić o przygotowanie takiego dokumentu? Pozdrawiam",1,0,1,1,1
"[PERSON NAME], W takim razie może zapytajmy [PERSON NAME] czy zdarzają się takie sytuacje i czyje dane mogą to być? Pozdrawiam,",1,0,1,1,1
"Oczywiście, bardzo poproszę o aktualne logi ([ID], [ID], [ID]). Pozdrawiam",1,0,1,0,1
Dzień dobry Panie [PERSON NAME]. Proszę o przesłanie procesu do akceptacji w [COMPANY NAME],1,0,1,0,1
"Panowie, W załączeniu przesyłam umowę z [COMPANY NAME] na archiwizację dokumentów. Za chwilę prześlę też umowy z działu IT. Organizacyjnie chciałam tez zapytać – na kiedy możemy umówić się na raport z podsumowaniem audytu? Pozdrawiam serdecznie / Best regards,",1,0,1,1,2
"Dzień dobry, Czy byłaby możliwość ustawienia spotkania w tym tygodniu (np. w [DAY] o dowolnej porze), żeby kontynuować temat projektowania aplikacji i zasad kierowalności na [COMPANY NAME], [COMPANY NAME], ścieżkę techniczną i pełną? Pozdrawiam,",1,0,1,2,1
"[PERSON NAME], zwolniło się miejsce na szkolenie dla analityków biznesowych, więc chciałbym Cię na nie wysłać. To będzie drugi tydzień [DATE]. [COMPANY NAME]. Zaplanuj sobie pracę w taki sposób, abyś mogła tam pojechać. Zadbaj też, aby poszło odpowiednie zamówienie.",1,1,1,1,1
"Dzień dobry, Pani [PERSON NAME] zmiany zostały wprowadzone zgodnie z instrukcjami. W załączniku przesyłam aktualne Report Narrativy dla procesów. Prośba o potwierdzenie, że procesy mogą zostać przesłane do akceptacji w [COMPANY NAME]. Hasło do pliku prześlę w kolejnej wiadomości. Prośba o informację, czy wprowadzić analogiczne zmiany do procesu [ID], ew. w jakim zakresie je wprowadzić.",1,0,2,1,2
"[PERSON NAME], w przyszłym tygodniu będę prywatnie pod [COMPANY NAME]. Zadzwoń do [COMPANY NAME] z [PERSON NAME] i sprawdź, czy może spotkać się ze mną [TIME] lub [TIME]. Najchętniej w porze obiadowej. Mogę z nim wyskoczyć na jakąś rybkę i pogadać o kolejnych projektach, o których wspominał na ostatnim spotkaniu w [DATE].",1,1,1,2,2
"Część uwag jest w komentarzach, część w umowie – jeśli to nie przeszkadza to wyślij as it is, ewnentualnie można przerzucić uwagi do komentarzy. [PERSON NAME]",1,0,2,1,2
"[PERSON NAME], przygotuj spotkanie z klientem na pierwszy [DAY] następnego miesiąca. Wrzuć do mojego kalendarza i [PERSON NAME], ale nie wcześniej niż o [TIME].",0,1,1,4,3
"[PERSON NAME], Podeślij mi, proszę, raport z postępami użytkowników szkolenia [COMPANY NAME] z [PERSON NAME]. Pozdrawiam,",0,0,0,1,1
"[PERSON NAME], Czy Ty masz jakieś raporty rynkowe dotyczące technologii na której bazujemy/ szerzej rynku? (np. raport [COMPANY NAME] o technologii low code która opisujemy na blogu)? Czy możesz mi udostepnic jakos wszelkie „merytoryczne materialy” – jeśli takowe są. Czy Wy zlecaliście jakies badanie rynku zewnętrznym firmom? Pozdr.",0,0,1,1,1
"Potwierdzamy termin, dane osób prześlemy w [DAY] przed szkoleniem. Dziękuję i pozdrawiam, [PERSON NAME]",0,0,0,2,2
[PERSON NAME] Opisz  proszę w 3-4 zdaniach jedno spotkanie/ rozmowę z targów [COMPANY NAME]. Dzięki Pozdrawiam [PERSON NAME],0,0,0,2,2
"Cześć, Przygotowałem zestawienie, o którym pisał [PERSON NAME]. Chciałbyś coś dodać, zmienić?",0,0,0,1,1
"Dzień dobry, Czy możemy sprawdzić, czy uda się wykonać poniższe zapytanie? [COMMAND]",0,0,2,0,1
"Dzień Dobry, Bardzo dziękuję. Czy moglibyśmy umówić się na prezentację tego narzędzia? Pozdrawiam, [PERSON NAME]",0,0,1,1,1
"Tak, proszę o wysłanie zaproszenia. W spotkaniu będzie uczestniczył jeszcze [PERSON NAME] ([MAIL ADRESS]), szef naszych developerów. Pozdrawiam,",0,0,1,0,1
"Hej, Podeślijcie proszę zdjęcia z waszych wyjazdów do [COMPANY NAME]. Potrzebuje od każdego 1-2 zdjęcia z w miarę biznesowych sytuacji np.: z targów, na tle banneru konferencji, z Expo. Jeżeli macie to również zdjęcia zebranych wizytówek,  wejściówek.",0,0,1,1,1
"Dzień Dobry, Zgodnie z naszą rozmową telefoniczną, chcielibyśmy moc testować bezpłatnie Państwa narzędzie. Testująca będzie jedna osoba. Proszę o informację, jakie dane Pan potrzebuje abyśmy mogli wystartować. Pozdrawiam,",0,0,1,2,0
"Panowie, zgodnie z wczorajszym ustaleniem wrzuciłem do [COMPANY NAME] wzór rejestru czasu pracy dla [COMPANY NAME]: [LINK] Prośba o wrzucanie tutaj wszystkich godzinek dla tego klienta (począwszy od [DATE]). BTW. Bardzo fajnie działa to nasze repozytorium dokumentów. Plik wygodnie się edytuje. Super!:) Pozdrawiam,",0,0,1,1,1
"[PERSON NAME], w [COMPANY NAME] mają być ciekawe targi platform BPMSowych. Zarezerwuj mi wejściówki, przelot i hotel. Zostanę może z dzień po evencie, weź to pod uwagę. Może uda się zorganizować małe tet-a tet z naszym [COMPANY NAME] przyjacielem.",0,0,0,1,0
"Cześć, [PERSON NAME]. Słyszałem że sporo czasu spędziłeś w południowo-wschodniej [GEOGRAPHIC NAME]. Możesz mi zaproponować jakąś ciekawą trasę, tak na 3-4 tygodnie, minimum 3 kraje? Czekam na ofertę w przyszły [DAY]. Nie zapomnij tylko o kilku atrakcjach dla maluchów",0,0,2,1,0
"Drodzy, w załączeniu porozumienie, prośba o akceptacje lub komentarze. Pozdrawiam/Best regards",0,0,0,0,1
"[PERSON NAME], W wolnej chwili prześlij mi proszę raport z audytu, który w Twojej opinii, powinien posłużyć jako wzór przy przygotowaniu raportu dla [PERSON NAME]. Dzięki. Pozdrawiam,",0,0,1,1,2
"[PERSON NAME], Możesz odpowiedzieć w jaki sposób ustawione jest sortowanie?",0,0,0,0,1
"Panie [PERSON NAME], pasuje nam zaproponowany termin. Bardzo proszę o przesłanie zaproszenia do zespołu po stronie [COMPANY NAME]: •	[PERSON NAME] •	[PERSON NAME] •	[PERSON NAME] •	[PERSON NAME] Dziękuję. Pozdrawiam,",0,0,0,1,0
